PC,recommended_rule,recommended_bins,delta_c
PC1,FD,13,2.0548891094735113
PC2,FD,42,0.3355646435916395
PC3,FD,50,0.1895168733757797
PC4,FD,61,0.13850746975452616
