PC,recommended_rule,recommended_bins,delta_c
PC1,FD,14,7.631576881774421
PC2,FD,33,0.6935233403496148
PC3,FD,32,0.5361168489718077
