PC,delta_c
PC1,7.631576881774421
PC2,0.6935233403496148
PC3,0.5361168489718077
