,PC1_U,PC2_U,PC3_U,PC4_U,PC5_U,PC6_U,PC7_U,PC8_U,PC9_U
PC1_U,0.9999999999999999,0.5655301674052544,-0.5976030169787571,-0.08001034707944547,0.5707257881668775,0.5145335639371239,-0.2851931061807864,0.3015753806826568,-0.12378305808136078
PC2_U,0.5655301674052544,1.0,-0.998704510028079,-0.8594743042209616,-0.34927159777537664,-0.3747966800205279,0.5569001909767618,-0.5486728740809972,0.7077340648143059
PC3_U,-0.5976030169787571,-0.9987045100280791,0.9999999999999999,0.8403561523703906,0.31042807514638066,0.3417236428055169,-0.5319819573235391,0.5225977944182206,-0.6824289994776652
PC4_U,-0.08001034707944546,-0.8594743042209616,0.8403561523703906,1.0,0.7619284613408421,0.7948179593713046,-0.8892290860062859,0.8862118428038807,-0.9547104039435361
PC5_U,0.5707257881668775,-0.34927159777537664,0.3104280751463806,0.7619284613408421,0.9999999999999999,0.9579606486891986,-0.8748672317029185,0.8865187855152443,-0.8500253035058266
PC6_U,0.5145335639371239,-0.37479668002052796,0.3417236428055169,0.7948179593713045,0.9579606486891986,0.9999999999999999,-0.963115229030978,0.9676750399191989,-0.9027218527349892
PC7_U,-0.2851931061807864,0.5569001909767619,-0.5319819573235391,-0.8892290860062859,-0.8748672317029184,-0.963115229030978,1.0,-0.998888876594237,0.962910131911683
PC8_U,0.3015753806826568,-0.5486728740809972,0.5225977944182207,0.8862118428038807,0.8865187855152443,0.9676750399191989,-0.9988888765942371,1.0,-0.9673589798397647
PC9_U,-0.12378305808136078,0.7077340648143059,-0.6824289994776652,-0.9547104039435361,-0.8500253035058266,-0.9027218527349892,0.962910131911683,-0.9673589798397646,1.0
