PC,recommended_rule,recommended_bins,delta_c
PC1,FD,20,10.491252978945749
PC2,FD,48,2.1663919555806443
PC3,FD,73,1.3579094782992271
