PC,delta_c
PC1,10.491252978945749
PC2,2.1663919555806443
PC3,1.3579094782992271
