rep_index,norm_T,norm_Td,norm_combined
280,1.907014547989771,7.376421577804629,7.618943481857991
